HIP,bjd,rv,rverr,exptime,fwhm,bis,tel,snr
30158,2457763.75839506,44.9009669372613,0.0005475840804669,899.9982,6.95955834523815,-0.0201389938364471,HARPS-A,117.2
30158,2457764.65485887,44.8975212802404,0.0006574439699094,899.9983,6.95628182145953,-0.0201430399783078,HARPS-A,99.2
30158,2457807.65742749,44.9000244683089,0.0007632639279429,899.9982,6.96087530042969,-0.0249565055695484,HARPS-A,85.8
30158,2457808.61117158,44.8987038727947,0.0007786740582152,899.9982,6.9546280643547,-0.0224444547244431,HARPS-A,83.4
30158,2457809.56933648,44.8984557085986,0.0005684702131502,899.9982,6.96228061726113,-0.0205349612360379,HARPS-A,115.0
