HIP,bjd,rv,rverr,exptime,fwhm,bis,tel,snr
64713,2457226.52993514,21.3324209175889,0.0009743157463637,1149.9983,7.03892786409075,-0.0112202907851753,HARPS-A,71.4
64713,2457229.53762165,21.3354378218323,0.0009450966179255,1149.9984,7.04090331404397,-0.0129019360700369,HARPS-A,71.7
64713,2457230.54243688,21.333380712106,0.0009097537580695,1149.9983,7.03931014211363,-0.0142311547783578,HARPS-A,75.3
64713,2457764.81136879,21.3304759759246,0.0007011884835,1149.9982,7.04333602718658,-0.0150615703771493,HARPS-A,100.1
64713,2457807.85594924,21.334856366921,0.0009839116691758,1149.9982,7.03721153268546,-0.0203029762089528,HARPS-A,72.6
64713,2457808.82318799,21.332733779318,0.0012535426307264,1149.9982,7.04244442976567,-0.0118731952390192,HARPS-A,58.5
64713,2457809.7465452,21.332626247713,0.0009155557090143,1149.9982,7.04020525242888,-0.0146428659374394,HARPS-A,78.0
