HIP,bjd,rv,rverr,exptime,fwhm,bis,tel,snr
30502,2457763.78119695,44.4627876966813,0.0006522187903053,899.9982,7.02017961755013,-0.0165991503605198,HARPS-A,105.7
30502,2457764.66611042,44.459969399401,0.0007558818955703,899.9982,7.02102952661031,-0.0173220412358859,HARPS-A,92.6
30502,2457807.66988931,44.4591474383396,0.0008690965294445,899.9982,7.02141514835447,-0.0208680871146214,HARPS-A,80.8
30502,2457808.6233428,44.4548894402269,0.0008212002666466,1099.9982,7.02174010264743,-0.0230698961920126,HARPS-A,85.1
30502,2457809.59247829,44.453109275338,0.0006100601807656,899.9982,7.02471753937015,-0.0164176535556138,HARPS-A,115.5
