HIP,bjd,rv,rverr,exptime,fwhm,bis,tel,snr
77883,2457226.60892563,-70.6074398703378,0.0007048382758054,899.9983,7.02777128045094,-0.021658193807113,HARPS-A,87.9
77883,2457227.58621537,-70.6078744979623,0.0006787263770687,899.9983,7.02095601737848,-0.019336217568565,HARPS-A,91.3
77883,2457228.60694976,-70.6091162762082,0.0006966093302092,899.9983,7.02453578145968,-0.0206805768790588,HARPS-A,88.9
77883,2457232.56089843,-70.6170043047599,0.0038774380322767,899.9984,7.00344749306535,-0.0238232120962749,HARPS-A,20.2
77883,2457587.61844298,-70.6070418966107,0.0008417935790826,899.9983,7.02557096334078,-0.0187227287349856,HARPS-A,74.8
77883,2457809.84256015,-70.6096361464374,0.0007510454890205,899.9982,7.02312916349473,-0.0174536961084186,HARPS-A,87.4
