HIP,bjd,rv,rverr,exptime,fwhm,bis,tel,snr
44935,2457507.53009393,-38.1308363229828,0.0006780736383059,899.9983,7.20789499970728,-0.0096931955647079,HARPS-A,95.3
44935,2457763.82304031,-38.1379215925576,0.0007875224083774,899.9982,7.18980488776236,-0.0155223344740207,HARPS-A,84.1
44935,2457764.76290826,-38.1419461773565,0.0008339192398246,899.9982,7.18455838233452,-0.0093666197084658,HARPS-A,80.1
44935,2457807.71011233,-38.1388939555495,0.0028993143655161,899.9982,7.18441461906659,-0.0035523492464761,HARPS-A,27.1
44935,2457808.69251288,-38.1420195844869,0.0009412115241263,899.9982,7.1898446680599,-0.011876229077366,HARPS-A,71.9
44935,2457809.67542108,-38.1432459671096,0.0008220660329361,899.9982,7.18364980191162,-0.0117313409632445,HARPS-A,81.0
