bjd,rv,rverr,exptime,fwhm,bis,contrast,tel
2457507.50413026,17.4090900191187,0.000496288793609954,899.9983,6.9153930631717895,-0.0137047395084551,46.1810949997592,HARPS-A
2457508.47030526,17.4133747162205,0.000521974250384861,899.9983,6.92175484493754,-0.0149974617027624,46.118600571628704,HARPS-A
2457684.85539103,17.3917307246885,0.000632055132040126,899.9983,6.96903115247784,-0.0279553678373574,45.0592104244211,HARPS-A
2457763.85546363,17.401183775554,0.000414227770733271,899.9983,6.8952441448622,-0.0194705677914868,46.32065018059589,HARPS-A
2457764.70853599,17.397214754052502,0.00060598176046447,899.9982,6.891919073530951,-0.0192145514929898,46.3264317517311,HARPS-A
2457807.75695964,17.3975544639155,0.000644118705137216,899.9982,6.89106358976838,-0.0206736400499246,46.3428763876966,HARPS-A
2457808.70291535,17.394866761184403,0.0005049284201354019,899.9982,6.894179510503781,-0.0218616778639387,46.33813013089271,HARPS-A
2457809.64793255,17.3952198716678,0.000479441843515351,899.9982,6.89374677123487,-0.019796559810473,46.3307335816004,HARPS-A
