HIP,bjd,rv,rverr,exptime,fwhm,bis,tel,snr
62039,2457229.49531545,35.6849018691284,0.0004538117464642,899.9983,7.19895633003505,-0.0116154405023821,HARPS-A,132.3
62039,2457764.82768163,35.6884735406657,0.0004080501748589,899.9982,7.20199266128683,-0.0129054618853957,HARPS-A,153.2
62039,2457807.82088259,35.6952957638144,0.0005465539277893,899.9982,7.20267022684059,-0.0125561608295328,HARPS-A,115.8
62039,2457808.78814025,35.6938057978261,0.0006409494533558,899.9982,7.20301239679513,-0.0110678636925456,HARPS-A,99.6
62039,2457809.73426109,35.6923079519939,0.0005033367858178,899.9982,7.19770071836811,-0.0114307510987075,HARPS-A,125.3
