HIP,bjd,rv,rverr,exptime,fwhm,bis,tel,snr
14614,2457229.92911995,-27.0962264782653,0.0005213622422943,899.9983,7.06404633737952,-0.008375685158029,HARPS-A,138.1
14614,2457232.9231651,-27.0965367765416,0.0008393671351666,899.9983,7.06637580303398,-0.0091482471390556,HARPS-A,87.3
14614,2457282.86293297,-27.0940876903638,0.0006324957244853,899.9983,7.06656246157679,-0.0092113965709224,HARPS-A,114.2
14614,2457283.87748132,-27.0952167215927,0.0005570317995987,899.9983,7.06937971650575,-0.0091315973224048,HARPS-A,128.0
14614,2457763.60468604,-27.090256696654,0.0005812328780392,899.9982,7.05965440476014,-0.0125301978356873,HARPS-A,121.8
14614,2458045.76811799,-27.0856117124201,0.0005950296034154,899.9982,7.06132058817546,-0.0135548274405934,HARPS-A,118.2
14614,2458047.73206644,-27.0819267334754,0.000546951237416,899.9982,7.06369349638753,-0.011578224271112,HARPS-A,127.9
