HIP,bjd,rv,rverr,exptime,fwhm,bis,tel,snr
34511,2457763.72135107,43.2891693787678,0.0006125207101567,899.9982,7.12015498519149,-0.0072772366507933,HARPS-A,119.2
34511,2457807.6226446,43.2952826452745,0.0006987733485808,899.9982,7.11614416836243,-0.009142156643314,HARPS-A,106.9
34511,2457808.57384798,43.2926346920467,0.001250637506485,899.9982,7.11503115576062,-0.0095316465788357,HARPS-A,61.7
