HIP,bjd,rv,rverr,exptime,fwhm,bis,tel,snr
54287,2457763.87665205,54.8693045113745,0.0003059913832742,899.9983,7.01024818384471,-0.0204375393469363,HARPS-A,198.1
54287,2457764.77150656,54.8683525692625,0.0003300476188989,899.9982,7.00962178197991,-0.019326749021026,HARPS-A,182.7
54287,2457807.79503677,54.8715878116873,0.0003488752766934,899.9982,7.01065477543877,-0.0166019542330602,HARPS-A,173.6
54287,2457808.76108394,54.8711793390799,0.0003779664601898,899.9982,7.0098077828072,-0.0179269483026516,HARPS-A,161.0
54287,2457809.70876137,54.870544082667,0.0002897123333221,899.9982,7.01245856901527,-0.0178474775373942,HARPS-A,210.7
54287,2458620.59724042,54.869872253131,0.0005447088323348,899.9982,7.011086296957,-0.0230243662502758,HARPS-A,109.4
54287,2458621.66063721,54.8712220561159,0.0005513013174947,899.9982,7.01137096986445,-0.0220475633557555,HARPS-A,106.3
54287,2458622.6197559,54.8714614956137,0.0004298285401884,899.9982,7.0119736023601,-0.0194225798346395,HARPS-A,135.4
