HIP,bjd,rv,rverr,exptime,fwhm,bis,tel,snr
64673,2457226.51760807,69.655847860634,0.0008808471216434,899.9983,7.41495829818436,0.0158530324917905,HARPS-A,85.8
64673,2457230.53061295,69.6565130937327,0.0008287751702702,899.9983,7.41078185509952,0.0160192875421927,HARPS-A,88.1
64673,2457764.7957392,69.6522271210009,0.0005136919141001,899.9982,7.41008892449725,0.0151145049393051,HARPS-A,151.4
64673,2457807.84044695,69.6560205570914,0.0012117757195758,899.9982,7.4068573840255,0.0170211811868342,HARPS-A,65.1
64673,2457808.80836021,69.6524115456764,0.0008376598175088,899.9982,7.40997445044802,0.0116494528666635,HARPS-A,94.4
64673,2457809.71880385,69.6546117022048,0.0006224332041102,899.9982,7.41485276093231,0.0162780017051887,HARPS-A,127.0
