HIP,bjd,rv,rverr,exptime,fwhm,bis,tel,snr
43297,2457507.54278532,10.3494898479731,0.0004007007169483,899.9983,7.40319345211209,0.0094679786223537,HARPS-A,161.2
43297,2457764.72292414,10.3804191028622,0.0004857784194669,899.9983,7.34335424085757,0.0057620676178569,HARPS-A,135.4
43297,2457808.71554279,10.4444041594347,0.0004626626436847,899.9982,7.33453545116663,-0.0020297000224882,HARPS-A,141.2
43297,2457809.68666551,10.4504990261449,0.0004155221640016,899.9983,7.34638022867706,-0.0046362929174801,HARPS-A,157.3
43297,2458084.82998644,10.3089968738327,0.000370691594759,899.9982,7.3631515202388,0.0191739609944133,HARPS-A,170.9
43297,2458143.71856672,10.3268858836497,0.0004013218982503,899.9982,7.37526396620677,0.010481987916469,HARPS-A,156.1
