HIP,bjd,rv,rverr,exptime,fwhm,bis,tel,snr
79578,2457227.59766076,-21.7882270532709,0.0003730884468858,379.9983,7.16024703929953,-0.006373690550486,HARPS-A,178.4
79578,2457227.60224374,-21.7881871724104,0.0003709882400817,379.9984,7.16037692192428,-0.0051756587971212,HARPS-A,179.0
79578,2457232.57196255,-21.7991043041538,0.0010586712795498,379.9983,7.15345855307525,-0.004516400516433,HARPS-A,64.6
79578,2457232.57633719,-21.8035169140006,0.0011347565367426,379.9983,7.1562165420039,-0.0015599247386788,HARPS-A,60.5
79578,2457808.85192651,-22.6401321112949,0.0006680363212192,379.9982,7.1449227361931,-0.0052807198595559,HARPS-A,102.2
79578,2457808.8562788,-22.641730824388,0.00112224173809,379.9982,7.14129330512597,0.0047985389371021,HARPS-A,62.5
79578,2457809.79105856,-22.6371662862691,0.0004600244966949,379.9982,7.14689436199502,-0.0063719336647984,HARPS-A,146.8
79578,2457809.79586227,-22.6388371131956,0.0004560500710945,379.9982,7.14512961640213,-0.0063248473295658,HARPS-A,148.0
