HIP,bjd,rv,rverr,exptime,fwhm,bis,tel,snr
30037,2457763.72978264,43.6955564089445,0.00069091082369,1049.9982,6.93735860143842,-0.0218514318278551,HARPS-A,90.8
30037,2457764.63912682,43.0597574727127,0.0007774943837451,1049.9982,6.94402246508445,-0.0201074429368617,HARPS-A,82.8
30037,2457808.58334692,50.1579553372475,0.0018180366191983,1049.9982,6.91287824381544,-0.0173580788141194,HARPS-A,38.2
