HIP,bjd,rv,rverr,exptime,fwhm,bis,tel,snr
54582,2457763.88865432,-15.5920899318674,0.0005180195907525,399.9982,7.09461805030756,0.0040196946441337,HARPS-A,139.9
54582,2457763.8934464,-15.5912535417675,0.0005701769662737,399.9983,7.09473822050671,0.0017726188368136,HARPS-A,127.7
54582,2457764.78470408,-15.5955325594137,0.0004538398498309,399.9982,7.0931755041208,0.0025314251164072,HARPS-A,158.8
54582,2457764.78973923,-15.5954915070636,0.0004264088415982,399.9983,7.09421923174284,0.0024150973978311,HARPS-A,168.9
54582,2457807.80598931,-15.5931062924405,0.0005702162279437,399.9982,7.09449740780017,0.002564704780811,HARPS-A,129.3
54582,2457807.81133669,-15.5899213365291,0.0005899176456451,399.9982,7.09085986050302,0.0038704399762945,HARPS-A,124.5
54582,2457808.77392246,-15.5928918910918,0.000639021098482,399.9982,7.0913957889085,0.0017446707962136,HARPS-A,115.3
54582,2457808.77867954,-15.5938129214641,0.0007133135639832,399.9982,7.08999280509557,0.0054410841738104,HARPS-A,103.5
