HIP,bjd,rv,rverr,exptime,fwhm,bis,tel,snr
64150,2457230.49976246,25.1253307828618,0.0004902312204466,399.9983,7.14025284553724,-0.0133382496847823,HARPS-A,128.2
64150,2457230.50470414,25.1252884807456,0.0004917390201752,399.9984,7.14284497062702,-0.0130896519659736,HARPS-A,127.4
64150,2457764.87176704,25.2027660041821,0.0003783925254721,399.9982,7.14279751491989,-0.0148530745814703,HARPS-A,168.6
64150,2457764.87674439,25.2041452148096,0.0003756064381944,399.9982,7.14151975491417,-0.0159661594206675,HARPS-A,169.6
64150,2457807.82847117,25.2146239051541,0.0004940186882157,399.9982,7.13847841907013,-0.0151101741113386,HARPS-A,131.2
64150,2457807.83313582,25.2144191267852,0.001224195440123,399.9982,7.14257062313232,-0.014831887284231,HARPS-A,55.1
64150,2457808.79619372,25.211142270621,0.0005457119044969,399.9982,7.14091932906849,-0.0166736641363023,HARPS-A,120.1
64150,2457808.80113615,25.2106063781106,0.0005190344034059,399.9982,7.14353377175994,-0.0163612012799739,HARPS-A,126.0
